INSERT INTO projects (id, title, category, funding_goal, start_date, end_date) VALUES (1, "Project 1", "boring", 200000, 31/7/2018, 30/8/2018);
INSERT INTO projects (id, title, category, funding_goal, start_date, end_date) VALUES (2, "Project 2", "boring", 500000, 31/6/2018, 30/8/2018);
INSERT INTO projects (id, title, category, funding_goal, start_date, end_date) VALUES (3, "Project 3", "boring", 1000000, 15/7/2018, 15/8/2018);
INSERT INTO projects (id, title, category, funding_goal, start_date, end_date) VALUES (4, "Project 4", "boring", 50000, 18/6/2018, 19/8/2018);
INSERT INTO projects (id, title, category, funding_goal, start_date, end_date) VALUES (5, "Project 5", "boring", 20000, 30/6/2018, 20/8/2018);
INSERT INTO projects (id, title, category, funding_goal, start_date, end_date) VALUES (6, "Burgers for Bob", "interesting", 5000, 28/6/2018, 28/8/2018);
INSERT INTO projects (id, title, category, funding_goal, start_date, end_date) VALUES (7, "Cheese for mice", "interesting", 10000, 2/6/2018, 2/8/2018);
INSERT INTO projects (id, title, category, funding_goal, start_date, end_date) VALUES (8, "Food for hungry people", "", 500000, 30/7/2018, 30/8/2018);
INSERT INTO projects (id, title, category, funding_goal, start_date, end_date) VALUES (9, "Spaceship to Mars", "exciting", 10000000, 31/7/2018, 30/8/2018);
INSERT INTO projects (id, title, category, funding_goal, start_date, end_date) VALUES (10, "8th wonder of the world", "exciting", 500000000,1/6/2018, 30/9/2018);

INSERT INTO users (id, name, age) VALUES (1, 'Bob', 33);
INSERT INTO users (id, name, age) VALUES (2, 'Carrie', 36);
INSERT INTO users (id, name, age) VALUES (3, 'Denise', 38);
INSERT INTO users (id, name, age) VALUES (4, 'Edith', 50);
INSERT INTO users (id, name, age) VALUES (5, 'Frank', 34);
INSERT INTO users (id, name, age) VALUES (6, 'Greg', 26);
INSERT INTO users (id, name, age) VALUES (7, 'Harriet', 46);
INSERT INTO users (id, name, age) VALUES (8, 'Ingrid', 20);
INSERT INTO users (id, name, age) VALUES (9, 'Juliet', 31);
INSERT INTO users (id, name, age) VALUES (10, 'Kevin', 20);
INSERT INTO users (id, name, age) VALUES (11, 'Liam', 45);
INSERT INTO users (id, name, age) VALUES (12, 'Maurice', 36);
INSERT INTO users (id, name, age) VALUES (13, 'Nelly', 30);
INSERT INTO users (id, name, age) VALUES (14, 'Ophelia', 24);
INSERT INTO users (id, name, age) VALUES (15, 'Peter', 46);
INSERT INTO users (id, name, age) VALUES (16, 'Quentin', 21);
INSERT INTO users (id, name, age) VALUES (17, 'Roberta', 25);
INSERT INTO users (id, name, age) VALUES (18, 'Sean', 35);
INSERT INTO users (id, name, age) VALUES (19, 'Thomas', 22);
INSERT INTO users (id, name, age) VALUES (20, 'Undine', 41);

INSERT INTO pledges (id, project_id, user_id, amount) VALUES (1, 10, 20, 908);
INSERT INTO pledges (id, project_id, user_id, amount) VALUES (2, 3, 5, 291);
INSERT INTO pledges (id, project_id, user_id, amount) VALUES (3, 9, 16, 997);
INSERT INTO pledges (id, project_id, user_id, amount) VALUES (4, 5, 7, 531);
INSERT INTO pledges (id, project_id, user_id, amount) VALUES (5, 1, 1, 167);
INSERT INTO pledges (id, project_id, user_id, amount) VALUES (6, 7, 7, 931);
INSERT INTO pledges (id, project_id, user_id, amount) VALUES (7, 3, 16, 883);
INSERT INTO pledges (id, project_id, user_id, amount) VALUES (8, 7, 17, 419);
INSERT INTO pledges (id, project_id, user_id, amount) VALUES (9, 10, 17, 437);
INSERT INTO pledges (id, project_id, user_id, amount) VALUES (10, 7, 15, 271);
INSERT INTO pledges (id, project_id, user_id, amount) VALUES (11, 9, 13, 814);
INSERT INTO pledges (id, project_id, user_id, amount) VALUES (12, 5, 18, 415);
INSERT INTO pledges (id, project_id, user_id, amount) VALUES (13, 8, 18, 405);
INSERT INTO pledges (id, project_id, user_id, amount) VALUES (14, 3, 20, 229);
INSERT INTO pledges (id, project_id, user_id, amount) VALUES (15, 1, 14, 510);
INSERT INTO pledges (id, project_id, user_id, amount) VALUES (16, 5, 15, 747);
INSERT INTO pledges (id, project_id, user_id, amount) VALUES (17, 10, 1, 552);
INSERT INTO pledges (id, project_id, user_id, amount) VALUES (18, 1, 19, 313);
INSERT INTO pledges (id, project_id, user_id, amount) VALUES (19, 9, 13, 72);
INSERT INTO pledges (id, project_id, user_id, amount) VALUES (20, 8, 6, 138);
INSERT INTO pledges (id, project_id, user_id, amount) VALUES (21, 10, 13, 419);
INSERT INTO pledges (id, project_id, user_id, amount) VALUES (22, 10, 5, 122);
INSERT INTO pledges (id, project_id, user_id, amount) VALUES (23, 7, 11, 859);
INSERT INTO pledges (id, project_id, user_id, amount) VALUES (24, 2, 17, 467);
INSERT INTO pledges (id, project_id, user_id, amount) VALUES (25, 10, 11, 547);
INSERT INTO pledges (id, project_id, user_id, amount) VALUES (26, 7, 20, 142);
INSERT INTO pledges (id, project_id, user_id, amount) VALUES (27, 1, 8, 339);
INSERT INTO pledges (id, project_id, user_id, amount) VALUES (28, 10, 20, 87);
INSERT INTO pledges (id, project_id, user_id, amount) VALUES (29, 10, 16, 45);
INSERT INTO pledges (id, project_id, user_id, amount) VALUES (30, 5, 16, 786);
